"","clinvar","count","fraction","ymax","ymin"
"1","Benign",25707,0.0786938540611196,0.0786938540611196,0
"2","Likely benign",16377,0.050133008439684,0.128826862500804,0.0786938540611196
"3","Likely pathogenic",14716,0.045048382011259,0.173875244512063,0.128826862500804
"4","Pathogenic",22489,0.0688429643280242,0.242718208840087,0.173875244512063
"5","Conflicting",20026,0.0613032684260311,0.304021477266118,0.242718208840087
"6","VUS",227356,0.695978522733882,1,0.304021477266118
